year,gold_usd_oz,usd_eur,gold_change_pct,fx_change_pct
2022,1800,0.95,0.0,0.0
2026,2350,0.92,30.555555555555557,-3.157894736842093
