material_label,n,share
Other,6553,0.9992375724306191
Gold,5,0.0007624275693809088
