size_label,n,share
Medium,6385,0.9736200060994206
Small,127,0.019365660262275083
Large,46,0.007014333638304361
